SET NAMES latin1;
SET FOREIGN_KEY_CHECKS = 0;

CREATE TABLE `sf_countries` (
  `country_code` varchar(2) CHARACTER SET latin1 NOT NULL,
  `country_name` varchar(64) CHARACTER SET latin1 NOT NULL,
  PRIMARY KEY (`country_code`)
) ENGINE=MyISAM DEFAULT CHARSET=utf8 COLLATE=utf8_bin COMMENT='cross reference for country codes';

insert into `sf_countries` values('AX','Aaland Islands'),
 ('AF','Afghanistan'),
 ('AL','Albania'),
 ('DZ','Algeria'),
 ('AS','American Samoa'),
 ('AD','Andorra'),
 ('AO','Angola'),
 ('AI','Anguilla'),
 ('AQ','Antarctica'),
 ('AG','Antigua And Barbuda'),
 ('AR','Argentina'),
 ('AM','Armenia'),
 ('AW','Aruba'),
 ('AU','Australia'),
 ('AT','Austria'),
 ('AZ','Azerbaijan'),
 ('BS','Bahamas'),
 ('BH','Bahrain'),
 ('BD','Bangladesh'),
 ('BB','Barbados'),
 ('BY','Belarus'),
 ('BE','Belgium'),
 ('BZ','Belize'),
 ('BJ','Benin'),
 ('BM','Bermuda'),
 ('BT','Bhutan'),
 ('BO','Bolivia'),
 ('BA','Bosnia And Herzegowina'),
 ('BW','Botswana'),
 ('BV','Bouvet Island'),
 ('BR','Brazil'),
 ('IO','British Indian Ocean Territory'),
 ('BN','Brunei Darussalam'),
 ('BG','Bulgaria'),
 ('BF','Burkina Faso'),
 ('BI','Burundi'),
 ('KH','Cambodia'),
 ('CM','Cameroon'),
 ('CA','Canada'),
 ('CV','Cape Verde'),
 ('KY','Cayman Islands'),
 ('CF','Central African Republic'),
 ('TD','Chad'),
 ('CL','Chile'),
 ('CN','China'),
 ('CX','Christmas Island'),
 ('CC','Cocos (Keeling) Islands'),
 ('CO','Colombia'),
 ('KM','Comoros'),
 ('CD','Congo, Democratic Republic of (was Zaire)'),
 ('CG','Congo, Republic of'),
 ('CK','Cook Islands'),
 ('CR','Costa Rica'),
 ('CI','Cote D\'Ivoire'),
 ('HR','Croatia (local name: Hrvatska)'),
 ('CU','Cuba'),
 ('CY','Cyprus'),
 ('CZ','Czech Republic'),
 ('DK','Denmark'),
 ('DJ','Djibouti'),
 ('DM','Dominica'),
 ('DO','Dominican Republic'),
 ('EC','Ecuador'),
 ('EG','Egypt'),
 ('SV','El Salvador'),
 ('GQ','Equatorial Guinea'),
 ('ER','Eritrea'),
 ('EE','Estonia'),
 ('ET','Ethiopia'),
 ('FK','Falkland Islands (Malvinas)'),
 ('FO','Faroe Islands'),
 ('FJ','Fiji'),
 ('FI','Finland'),
 ('FR','France'),
 ('GF','French Guiana'),
 ('PF','French Polynesia'),
 ('TF','French Southern Territories'),
 ('GA','Gabon'),
 ('GM','Gambia'),
 ('GE','Georgia'),
 ('DE','Germany'),
 ('GH','Ghana'),
 ('GI','Gibraltar'),
 ('GR','Greece'),
 ('GL','Greenland'),
 ('GD','Grenada'),
 ('GP','Guadeloupe'),
 ('GU','Guam'),
 ('GT','Guatemala'),
 ('GN','Guinea'),
 ('GW','Guinea-Bissau'),
 ('GY','Guyana'),
 ('HT','Haiti'),
 ('HM','Heard And Mc Donald Islands'),
 ('HN','Honduras'),
 ('HK','Hong Kong'),
 ('HU','Hungary'),
 ('IS','Iceland'),
 ('IN','India'),
 ('ID','Indonesia'),
 ('IR','Iran (Islamic Republic Of)'),
 ('IQ','Iraq'),
 ('IE','Ireland'),
 ('IL','Israel'),
 ('IT','Italy'),
 ('JM','Jamaica'),
 ('JP','Japan'),
 ('JO','Jordan'),
 ('KZ','Kazakhstan'),
 ('KE','Kenya'),
 ('KI','Kiribati'),
 ('KP','Korea, Democratic People\'S Republic Of'),
 ('KR','Korea, Republic Of'),
 ('KW','Kuwait'),
 ('KG','Kyrgyzstan'),
 ('LA','Lao People\'S Democratic Republic'),
 ('LV','Latvia'),
 ('LB','Lebanon'),
 ('LS','Lesotho'),
 ('LR','Liberia'),
 ('LY','Libyan Arab Jamahiriya'),
 ('LI','Liechtenstein'),
 ('LT','Lithuania'),
 ('LU','Luxembourg'),
 ('MO','Macau'),
 ('MK','Macedonia, The Former Yugoslav Republic Of'),
 ('MG','Madagascar'),
 ('MW','Malawi'),
 ('MY','Malaysia'),
 ('MV','Maldives'),
 ('ML','Mali'),
 ('MT','Malta'),
 ('MH','Marshall Islands'),
 ('MQ','Martinique'),
 ('MR','Mauritania'),
 ('MU','Mauritius'),
 ('YT','Mayotte'),
 ('MX','Mexico'),
 ('FM','Micronesia, Federated States Of'),
 ('MD','Moldova, Republic Of'),
 ('MC','Monaco'),
 ('MN','Mongolia'),
 ('MS','Montserrat'),
 ('MA','Morocco'),
 ('MZ','Mozambique'),
 ('MM','Myanmar'),
 ('NA','Namibia'),
 ('NR','Nauru'),
 ('NP','Nepal'),
 ('NL','Netherlands'),
 ('AN','Netherlands Antilles'),
 ('NC','New Caledonia'),
 ('NZ','New Zealand'),
 ('NI','Nicaragua'),
 ('NE','Niger'),
 ('NG','Nigeria'),
 ('NU','Niue'),
 ('NF','Norfolk Island'),
 ('MP','Northern Mariana Islands'),
 ('NO','Norway'),
 ('OM','Oman'),
 ('PK','Pakistan'),
 ('PW','Palau'),
 ('PS','Palestinian Territory, Occupied'),
 ('PA','Panama'),
 ('PG','Papua New Guinea'),
 ('PY','Paraguay'),
 ('PE','Peru'),
 ('PH','Philippines'),
 ('PN','Pitcairn'),
 ('PL','Poland'),
 ('PT','Portugal'),
 ('PR','Puerto Rico'),
 ('QA','Qatar'),
 ('RE','Reunion'),
 ('RO','Romania'),
 ('RU','Russian Federation'),
 ('RW','Rwanda'),
 ('SH','Saint Helena'),
 ('KN','Saint Kitts And Nevis'),
 ('LC','Saint Lucia'),
 ('PM','Saint Pierre And Miquelon'),
 ('VC','Saint Vincent And The Grenadines'),
 ('WS','Samoa'),
 ('SM','San Marino'),
 ('ST','Sao Tome And Principe'),
 ('SA','Saudi Arabia'),
 ('SN','Senegal'),
 ('CS','Serbia And Montenegro'),
 ('SC','Seychelles'),
 ('SL','Sierra Leone'),
 ('SG','Singapore'),
 ('SK','Slovakia'),
 ('SI','Slovenia'),
 ('SB','Solomon Islands'),
 ('SO','Somalia'),
 ('ZA','South Africa'),
 ('GS','South Georgia And The South Sandwich Islands'),
 ('ES','Spain'),
 ('LK','Sri Lanka'),
 ('SD','Sudan'),
 ('SR','Suriname'),
 ('SJ','Svalbard And Jan Mayen Islands'),
 ('SZ','Swaziland'),
 ('SE','Sweden'),
 ('CH','Switzerland'),
 ('SY','Syrian Arab Republic'),
 ('TW','Taiwan'),
 ('TJ','Tajikistan'),
 ('TZ','Tanzania, United Republic Of'),
 ('TH','Thailand'),
 ('TL','Timor-Leste'),
 ('TG','Togo'),
 ('TK','Tokelau'),
 ('TO','Tonga'),
 ('TT','Trinidad And Tobago'),
 ('TN','Tunisia'),
 ('TR','Turkey'),
 ('TM','Turkmenistan'),
 ('TC','Turks And Caicos Islands'),
 ('TV','Tuvalu'),
 ('UG','Uganda'),
 ('UA','Ukraine'),
 ('AE','United Arab Emirates'),
 ('GB','United Kingdom'),
 ('US','United States'),
 ('UM','United States Minor Outlying Islands'),
 ('UY','Uruguay'),
 ('UZ','Uzbekistan'),
 ('VU','Vanuatu'),
 ('VA','Vatican City State (Holy See)'),
 ('VE','Venezuela'),
 ('VN','Viet Nam'),
 ('VG','Virgin Islands (British)'),
 ('VI','Virgin Islands (U.S.)'),
 ('WF','Wallis And Futuna Islands'),
 ('EH','Western Sahara'),
 ('YE','Yemen'),
 ('ZM','Zambia'),
 ('ZW','Zimbabwe');

CREATE TABLE `sf_mix_lineage` (
  `id` int(11) NOT NULL AUTO_INCREMENT,
  `ancestor` int(11) NOT NULL,
  `parent` int(11) NOT NULL,
  `child` int(11) NOT NULL,
  PRIMARY KEY (`id`)
) ENGINE=MyISAM DEFAULT CHARSET=utf8 COLLATE=utf8_bin;


CREATE TABLE IF NOT EXISTS `sf_mix_messages` (
  `id` int(11) NOT NULL AUTO_INCREMENT,
  `link_id` int(11) NOT NULL DEFAULT '0' COMMENT 'remote id for join on content associated with the forum',
  `attachment_id` int(11) NOT NULL DEFAULT '0' COMMENT 'remote id for join on a file table',
  `path` varchar(50) COLLATE utf8_bin NOT NULL DEFAULT '' COMMENT 'sortable path of reply hierarchy',
  `user_id` int(11) NOT NULL,
  `modified` timestamp NOT NULL DEFAULT CURRENT_TIMESTAMP ON UPDATE CURRENT_TIMESTAMP,
  `message` text COLLATE utf8_bin NOT NULL,
  `title` varchar(255) COLLATE utf8_bin NOT NULL DEFAULT '',
  `created` datetime NOT NULL,
  PRIMARY KEY (`id`),
  UNIQUE KEY `path` (`path`)
) ENGINE=MyISAM  DEFAULT CHARSET=utf8 COLLATE=utf8_bin;


CREATE TABLE `sf_mix_owners` (
  `id` int(11) NOT NULL AUTO_INCREMENT,
  `mix_id` int(11) NOT NULL,
  `owner_id` int(11) NOT NULL,
  PRIMARY KEY (`id`)
) ENGINE=MyISAM AUTO_INCREMENT=43 DEFAULT CHARSET=utf8 COLLATE=utf8_bin;

insert into `sf_mix_owners` values('1','1','16'),
 ('2','2','22'),
 ('10','5','22'),
 ('9','4','22'),
 ('8','3','22'),
 ('7','2','16'),
 ('11','6','22'),
 ('12','7','22'),
 ('13','8','22'),
 ('14','9','22'),
 ('15','10','22'),
 ('16','11','22'),
 ('17','12','22'),
 ('18','19','16'),
 ('19','20','16'),
 ('20','21','16'),
 ('21','22','16'),
 ('22','23','16'),
 ('23','24','16'),
 ('24','25','22'),
 ('25','26','16'),
 ('26','27','22'),
 ('27','28','16'),
 ('28','29','16'),
 ('29','30','16'),
 ('30','31','16'),
 ('31','32','16'),
 ('32','33','16'),
 ('33','34','16'),
 ('34','35','16'),
 ('35','36','16'),
 ('36','37','16'),
 ('37','38','16'),
 ('38','39','16'),
 ('39','40','16'),
 ('40','41','16'),
 ('41','42','16'),
 ('42','43','16');

CREATE TABLE `sf_mixes` (
  `id` int(11) NOT NULL AUTO_INCREMENT COMMENT 'automatically generated unique ID',
  `title` varchar(64) COLLATE utf8_bin NOT NULL,
  `chromatic_key` varchar(4) COLLATE utf8_bin NOT NULL,
  `tempo` smallint(6) NOT NULL,
  `duration` smallint(6) NOT NULL,
  `mix` text COLLATE utf8_bin NOT NULL COMMENT 'mix data encoded in custom JSON format',
  `modified_by` int(11) NOT NULL,
  `modified` timestamp NOT NULL DEFAULT CURRENT_TIMESTAMP COMMENT 'date last saved',
  `created` timestamp NOT NULL DEFAULT '0000-00-00 00:00:00' COMMENT 'date created',
  `published` tinyint(4) NOT NULL DEFAULT '0',
  PRIMARY KEY (`id`)
) ENGINE=MyISAM AUTO_INCREMENT=44 DEFAULT CHARSET=utf8 COLLATE=utf8_bin;

insert into `sf_mixes` values('12','mix #12','','0','0',0x7b22747261636b73223a5b5b7b2253223a302c2276223a3130302c2273223a302c2262223a302c226d223a307d5d2c5b7b2253223a312c2276223a3130302c2273223a302c2262223a382c226d223a307d5d2c5b7b2253223a322c2276223a3130302c2273223a302c2262223a31362c226d223a307d5d5d2c2273616d706c6573223a,'22','2011-10-05 02:29:27','2011-10-05 02:29:27','0'),
 ('1','STUFFY STUFF v2','','120','24000',0x7b2270726f70657274696573223a7b22766f6c756d65223a3130307d2c22747261636b73223a5b5b7b2253223a302c2262223a302c226d223a302c2273223a302c2276223a3130307d2c7b2253223a302c2262223a33322c226d223a302c2273223a302c2276223a3130307d2c7b2253223a302c2262223a382c226d223a302c2273223a302c2276223a3130307d2c7b2253223a302c2262223a31362c226d223a302c2273223a302c2276223a3130307d2c7b2253223a302c2262223a32342c226d223a302c2273223a302c2276223a3130307d2c7b2253223a302c2262223a34302c226d223a302c2273223a302c2276223a3130307d5d2c6e756c6c2c6e756c6c2c6e756c6c2c5b7b2253223a312c2262223a33322c226d223a302c2273223a302c2276223a3130307d2c7b2253223a312c2262223a34302c226d223a302c2273223a302c2276223a3130307d5d2c6e756c6c2c5b7b2253223a322c2262223a302c226d223a302c2273223a302c2276223a3130307d2c7b2253223a322c2262223a33322c226d223a302c2273223a302c2276223a3130307d2c7b2253223a322c2262223a382c226d223a302c2273223a302c2276223a3130307d2c7b2253223a322c2262223a31362c226d223a302c2273223a302c2276223a3130307d2c7b2253223a322c2262223a32342c226d223a302c2273223a302c2276223a3130307d2c7b2253223a322c2262223a34302c226d223a302c2273223a302c2276223a3130307d5d5d2c2273616d706c6573223a5b224a617a7a5f5069616e6f2e6f6767222c224166726963616e5f4d6973745f566f6963655f312e6f6767222c22486f7573655f4c617a795f426561742e6f6767225d7d,'16','2011-11-08 23:09:15','2011-10-03 20:06:37','0'),
 ('38','Untitled','','0','0',0x7b22747261636b73223a5b6e756c6c2c6e756c6c2c6e756c6c2c6e756c6c2c5b7b2253223a302c2262223a34302c226d223a302c2273223a302c2276223a3130307d5d5d2c2273616d706c6573223a5b224166726963616e5f4d6973745f566f6963655f312e6f6767225d2c2270726f70657274696573223a7b22766f6c756d65223a3130307d7d,'16','2011-11-04 08:26:07','2011-11-04 08:26:07','0'),
 ('2','mix #2','','120','0',0x7b22747261636b73223a5b5d2c2273616d706c6573223a5b5d2c2270726f70657274696573223a7b22766f6c756d65223a3130307d7d,'16','2011-11-06 14:18:46','2011-10-03 20:13:19','0'),
 ('3','mix #3','','0','0',0x7b22747261636b73223a5b5d7d,'22','2011-10-03 21:03:30','2011-10-03 21:03:30','0'),
 ('4','mix #4','','0','0',0x7b2270726f70657274696573223a7b22766f6c756d65223a2231222c226b6579223a222a222c226e616d65223a22222c2274656d706f223a22313230227d2c2273616d706c6573223a5b22687474703a2f2f6c6f63616c2e73746572656f66797465722e6f72672f617564696f2f73616d706c65732f4166726963616e5f4d6973745f566f6963655f312e6f6767225d2c22747261636b73223a5b7b2230223a7b22766f6c756d65223a312c2273616d706c65223a302c22736f6c6f223a22222c226d757465223a66616c73657d7d5d7d,'22','2011-10-03 21:17:51','2011-10-03 21:17:51','0'),
 ('5','mix #5','','0','0','','22','2011-10-03 21:42:17','2011-10-03 21:42:17','0'),
 ('36','Untitled','','120','24000',0x7b2270726f70657274696573223a7b22766f6c756d65223a3130307d2c22747261636b73223a5b5b7b2253223a302c2262223a302c226d223a302c2273223a302c2276223a3130307d2c7b2253223a302c2262223a382c226d223a302c2273223a302c2276223a3130307d2c7b2253223a302c2262223a33322c226d223a302c2273223a302c2276223a3130307d2c7b2253223a302c2262223a31362c226d223a302c2273223a302c2276223a3130307d2c7b2253223a302c2262223a32342c226d223a302c2273223a302c2276223a3130307d2c7b2253223a302c2262223a34302c226d223a302c2273223a302c2276223a3130307d5d5d2c2273616d70,'16','2011-11-02 08:18:30','2011-11-02 00:08:25','0'),
 ('6','mix #6','','0','0',0x7b22747261636b73223a5b5d2c2270726f70657274696573223a7b2274656d706f223a22313230222c22766f6c756d65223a2231222c226e616d65223a22222c226b6579223a222a227d2c2273616d706c6573223a5b5d7d,'22','2011-10-03 22:58:10','2011-10-03 22:58:10','0'),
 ('7','mix #7','','0','0',0x7b2273616d706c6573223a5b5d2c22747261636b73223a5b5d2c2270726f70657274696573223a7b22766f6c756d65223a2231222c2274656d706f223a22313230222c226b6579223a222a222c226e616d65223a22227d7d,'22','2011-10-03 22:59:47','2011-10-03 22:59:47','0'),
 ('8','mix #8','','0','0',0x7b22747261636b73223a5b7b2230223a7b2273223a22222c226d223a302c2276223a3130302c2253227d2c22313132223a7b2273223a22222c226d223a302c2276223a3130302c2253227d2c22323332223a7b2273223a22222c226d223a302c2276223a3130302c2253227d2c223936223a7b2273223a22222c226d223a302c2276223a3130302c2253227d2c22313336223a7b2273223a22222c226d223a302c2276223a3130302c2253227d2c22313230223a7b2273,'22','2011-10-03 23:22:26','2011-10-03 23:08:21','0'),
 ('9','mix #9','','0','0',0x7b22747261636b73223a5b5b7b2253223a302c2262223a31362c226d223a302c2273223a302c2276223a3130307d2c7b2253223a302c2262223a34382c226d223a302c2273223a302c2276223a3130307d2c7b2253223a302c2262223a32342c226d223a302c2273223a302c2276223a3130307d2c7b2253223a302c2262223a34302c226d223a312c2273223a302c2276223a3130307d2c7b2253223a302c2262223a382c226d223a302c2273223a302c2276223a3130307d2c7b2253223a302c2262223a33322c226d223a302c2273223a302c2276223a31,'22','2011-10-13 23:37:43','2011-10-04 17:41:52','0'),
 ('10','mix #10','','0','0',0x7b22747261636b73223a5b5b7b226d223a302c2273223a302c2253223a302c227622,'22','2011-10-04 21:42:06','2011-10-04 19:02:51','0'),
 ('13','mix #13','','0','0',0x7b22747261636b73223a5b5b7b2253223a302c2276223a3130302c2273223a302c2262223a302c226d223a307d5d2c5b7b2253223a312c2276223a3130302c2273223a302c2262223a382c226d223a307d5d2c5b7b2253223a322c2276223a3130302c2273223a302c2262223a31362c226d223a307d5d5d2c2273616d706c6573223a,'0','2011-10-05 02:30:20','2011-10-05 02:30:20','0'),
 ('14','mix #14','','0','0',0x7b22747261636b73223a5b5d2c2273616d706c6573223a5b5d2c2270726f70657274696573223a7b2274656d706f223a39302c226e616d65223a6e756c6c2c226b6579223a6e756c6c2c22766f6c756d65223a3130307d7d,'0','2011-10-05 02:39:16','2011-10-05 02:39:16','0'),
 ('15','mix #15','','0','0',0x7b22747261636b73223a5b5d2c2273616d706c6573223a5b5d2c2270726f70657274696573223a7b2274656d706f223a39302c226e616d65223a6e756c6c2c226b6579223a6e756c6c2c22766f6c756d65223a3130307d7d,'0','2011-10-05 02:39:19','2011-10-05 02:39:19','0'),
 ('16','mix #16','','0','0',0x7b22747261636b73223a5b5d2c2273616d706c6573223a5b5d2c2270726f70657274696573223a7b2274656d706f223a39302c226e616d65223a6e756c6c2c226b6579223a6e756c6c2c22766f6c756d65223a3130307d7d,'0','2011-10-05 02:39:20','2011-10-05 02:39:20','0'),
 ('17','mix #17','','0','0',0x7b22747261636b73223a5b5d2c2273616d706c6573223a5b5d2c2270726f70657274696573223a7b2274656d706f223a39302c226e616d65223a6e756c6c2c226b6579223a6e756c6c2c22766f6c756d65223a3130307d7d,'0','2011-10-05 02:39:22','2011-10-05 02:39:22','0'),
 ('18','mix #18','','0','0',0x7b2270726f70657274696573223a7b22766f6c756d65223a3130302c226b6579223a6e756c6c2c226e616d65223a6e756c6c2c2274656d706f223a3132307d2c22747261636b73223a5b5d2c2273616d706c6573223a5b5d7d,'0','2011-10-05 02:44:55','2011-10-05 02:44:55','0'),
 ('19','mix #19','','0','0',0x7b2270726f70657274696573223a7b226b6579223a6e756c6c2c226e616d65223a6e756c6c2c22766f6c756d65223a3130302c2274656d706f223a3132307d2c22747261636b73223a5b5b7b2253223a302c2276223a3130302c2273223a302c2262223a302c226d223a307d5d5d2c2273616d706c6573223a5b22687474703a2f2f6c6f63616c2e73746572656f66797465722e6f72672f617564696f2f73616d706c65732f446a656d62652e6f6767225d7d,'16','2011-10-05 02:49:35','2011-10-05 02:49:25','0'),
 ('20','mix #20','','0','0',0x7b2270726f70657274696573223a7b2274656d706f223a3132302c226b6579223a6e756c6c2c226e616d65223a6e756c6c2c22766f6c756d65223a3130307d2c22747261636b73223a5b5b7b2253223a302c2276223a3130302c2273223a302c2262223a302c226d223a307d5d2c6e756c6c2c5b7b2253223a302c2276223a3130302c2273223a302c2262223a382c226d223a307d5d5d2c2273616d706c6573223a5b22687474703a2f2f6c6f63616c2e73746572656f66797465722e6f72672f617564696f2f73616d706c65732f446a656d62652e6f6767225d7d,'16','2011-10-05 03:06:35','2011-10-05 03:06:35','0'),
 ('21','mix #21','','0','0',0x7b22747261636b73223a5b5b7b2253223a302c2276223a3130302c2273223a302c2262223a302c226d223a307d5d2c6e756c6c2c5b7b2253223a302c2276223a3130302c2273223a302c2262223a382c226d223a307d5d5d2c2273616d706c6573223a5b22687474703a2f2f6c6f63616c2e73746572656f66797465722e6f72672f617564696f2f73616d706c65732f4166726963616e5f4d6973745f566f6963655f322e6f6767225d2c2270726f70657274696573223a7b2274656d706f223a3132302c226b6579223a6e756c6c2c226e616d65223a6e756c6c2c22766f6c756d65223a3130307d7d,'16','2011-10-05 03:09:51','2011-10-05 03:09:51','0'),
 ('22','mix #22','','0','0',0x7b2270726f70657274696573223a7b2274656d706f223a3132302c226e616d65223a6e756c6c2c226b6579223a6e756c6c2c22766f6c756d65223a3130307d2c22747261636b73223a5b5b7b2253223a302c2262223a302c226d223a302c2273223a302c2276223a3130307d5d2c6e756c6c2c5b7b2253223a302c2262223a382c226d223a302c2273223a302c2276223a3130307d5d5d2c2273616d706c6573223a5b22687474703a2f2f6c6f63616c2e73746572656f66797465722e6f72672f617564696f2f73616d706c65732f4166726963616e5f4d6973745f566f6963655f312e6f6767225d7d,'16','2011-10-05 03:11:23','2011-10-05 03:11:23','0'),
 ('23','mix #23','','120','0','','16','2011-11-01 23:27:15','2011-10-05 03:13:37','0'),
 ('24','mix #24','','0','0',0x7b22747261636b73223a5b5d7d,'22','2011-10-13 23:37:52','2011-10-13 23:37:52','0'),
 ('25','mix #25','','120','4000',0x7b2270726f70657274696573223a7b226b6579223a6e756c6c2c22766f6c756d65223a3130307d2c22747261636b73223a5b5b7b2253223a302c2262223a302c226d223a302c2273223a302c2276223a3130307d5d5d2c2273616d706c6573223a5b224166726963616e5f4d6973745f566f6963655f322e6f6767225d7d,'22','2011-10-13 23:38:10','2011-10-13 23:38:10','0'),
 ('37','Untitled','','0','0',0x7b22747261636b73223a5b6e756c6c2c6e756c6c2c6e756c6c2c6e756c6c2c6e756c6c2c5b7b2253223a302c2262223a302c226d223a302c2273223a302c2276223a3130307d2c7b2253223a302c2262223a34382c226d223a302c2273223a302c2276223a3130307d5d5d2c2273616d706c6573223a5b224166726963616e5f4d6973745f566f6963655f312e6f6767225d2c2270726f70657274696573223a7b22766f6c756d65223a3130307d7d,'16','2011-11-02 19:49:58','2011-11-02 19:49:58','0'),
 ('39','Untitled','','0','0',0x7b22747261636b73223a5b6e756c6c2c6e756c6c2c6e756c6c2c6e756c6c2c6e756c6c2c6e756c6c2c6e756c6c2c5b7b2253223a302c2262223a34302c226d223a302c2273223a302c2276223a3130307d5d5d2c2273616d706c6573223a5b224166726963616e5f4d6973745f566f6963655f312e6f6767225d2c2270726f70657274696573223a7b22766f6c756d65223a3130307d7d,'16','2011-11-04 08:30:31','2011-11-04 08:30:31','0'),
 ('40','Untitled','','0','0',0x7b22747261636b73223a5b5d2c2273616d706c6573223a5b5d2c2270726f70657274696573223a7b22766f6c756d65223a3130307d7d,'16','2011-11-04 08:32:06','2011-11-04 08:32:06','0'),
 ('41','Untitled','','0','0',0x7b22747261636b73223a5b5d2c2273616d706c6573223a5b5d2c2270726f70657274696573223a7b22766f6c756d65223a3130307d7d,'16','2011-11-04 08:34:46','2011-11-04 08:34:46','0'),
 ('42','NEW MIX','','120','0',0x7b22747261636b73223a5b5b7b2253223a302c2262223a302c226d223a302c2273223a302c2276223a3130307d2c7b2253223a302c2262223a382c226d223a302c2273223a302c2276223a3130307d2c7b2253223a302c2262223a32342c226d223a302c2273223a302c2276223a3130307d2c7b2253223a302c2262223a31362c226d223a302c2273223a302c2276223a3130307d2c7b2253223a302c2262223a33322c226d223a302c2273223a302c2276223a3130307d2c7b2253223a302c2262223a34302c226d223a302c2273223a302c2276223a3130307d5d2c6e756c6c2c6e756c6c2c6e756c6c2c5b7b2253223a312c2262223a33322c226d223a302c2273223a302c2276223a3130307d2c7b2253223a312c2262223a34302c226d223a302c2273223a302c2276223a3130307d5d2c6e756c6c2c5b7b2253223a322c2262223a302c226d223a302c2273223a302c2276223a3130307d2c7b2253223a322c2262223a382c226d223a302c2273223a302c2276223a3130307d2c7b2253223a322c2262223a32342c226d223a302c2273223a302c2276223a3130307d2c7b2253223a322c2262223a31362c226d223a302c2273223a302c2276223a3130307d2c7b2253223a322c2262223a33322c226d223a302c2273223a302c2276223a3130307d2c7b2253223a322c2262223a34302c226d223a302c2273223a302c2276223a3130307d5d5d2c2273616d706c6573223a5b224a617a7a5f5069616e6f2e6f6767222c224166726963616e5f4d6973745f566f6963655f312e6f6767222c22486f7573655f4c617a795f426561742e6f6767225d2c2270726f70657274696573223a7b22766f6c756d65223a3130307d7d,'16','2011-11-08 23:05:13','2011-11-08 22:58:07','0'),
 ('43','NEW MIX','','120','24000',0x7b2270726f70657274696573223a7b22766f6c756d65223a3130307d2c22747261636b73223a5b5b7b2253223a302c2262223a302c226d223a302c2273223a302c2276223a3130307d2c7b2253223a302c2262223a33322c226d223a302c2273223a302c2276223a3130307d2c7b2253223a302c2262223a32342c226d223a302c2273223a302c2276223a3130307d2c7b2253223a302c2262223a382c226d223a302c2273223a302c2276223a3130307d2c7b2253223a302c2262223a31362c226d223a302c2273223a302c2276223a3130307d2c7b2253223a302c2262223a34302c226d223a302c2273223a302c2276223a3130307d5d2c6e756c6c2c6e756c6c2c6e756c6c2c5b7b2253223a312c2262223a33322c226d223a302c2273223a302c2276223a3130307d2c7b2253223a312c2262223a34302c226d223a302c2273223a302c2276223a3130307d5d2c6e756c6c2c5b7b2253223a322c2262223a302c226d223a302c2273223a302c2276223a3130307d2c7b2253223a322c2262223a33322c226d223a302c2273223a302c2276223a3130307d2c7b2253223a322c2262223a32342c226d223a302c2273223a302c2276223a3130307d2c7b2253223a322c2262223a382c226d223a302c2273223a302c2276223a3130307d2c7b2253223a322c2262223a31362c226d223a302c2273223a302c2276223a3130307d2c7b2253223a322c2262223a34302c226d223a302c2273223a302c2276223a3130307d5d5d2c2273616d706c6573223a5b224a617a7a5f5069616e6f2e6f6767222c224166726963616e5f4d6973745f566f6963655f312e6f6767222c22486f7573655f4c617a795f426561742e6f6767225d7d,'16','2011-11-08 23:10:55','2011-11-08 23:10:55','0'),
 ('32','TheDemoMix','','120','32767',0x7b2270726f70657274696573223a7b22766f6c756d65223a3130307d2c2273616d706c6573223a5b224a617a7a5f5069616e6f2e6f6767222c2253696e655f426173732e6f6767222c224261636b726f6164735f42616e6a6f2e6f6767222c224869705f486f705f57616b6b615f4775697461722e6f6767222c22456c656374726f5f5472616e736973746f725f426561742e6f6767222c224166726963616e5f4d6973745f566f6963655f312e6f6767222c224b6f746f2e6f6767222c22446a656d62652e6f6767222c22486f7573655f4c617a795f426561742e6f6767222c224166726963616e5f4d6973745f566f6963655f322e6f6767222c22437562616e5f50657263757373696f6e2e6f6767222c22437562616e5f566f6963652e6f6767222c224561737465726e5f476f6c645f566f6963652e6f6767222c225472656d6f6c6f5f4f7267616e2e6f6767225d2c22747261636b73223a5b5b7b2276223a3130302c2253223a302c2273223a302c226d223a302c2262223a307d2c7b2276223a3130302c2253223a302c2273223a302c226d223a302c2262223a3137367d2c7b2276223a3130302c2253223a302c2273223a302c226d223a302c2262223a3232347d2c7b2276223a3130302c2253223a302c2273223a302c226d223a302c2262223a37327d2c7b2276223a3130302c2253223a302c2273223a302c226d223a302c2262223a3132307d2c7b2276223a3130302c2253223a302c2273223a302c226d223a302c2262223a3231367d2c7b2276223a3130302c2253223a302c2273223a302c226d223a302c2262223a3131327d2c7b2276223a3130302c2253223a302c2273223a302c226d223a302c2262223a31367d2c7b2276223a3130302c2253223a302c2273223a302c226d223a302c2262223a3132387d2c7b2276223a3130302c2253223a302c2273223a302c226d223a302c2262223a35367d2c7b2276223a3130302c2253223a302c2273223a302c226d223a302c2262223a34387d2c7b2276223a3130302c2253223a302c2273223a302c226d223a302c2262223a3134347d2c7b2276223a3130302c2253223a302c2273223a302c226d223a302c2262223a387d2c7b2276223a3130302c2253223a302c2273223a302c226d223a302c2262223a36347d2c7b2276223a3130302c2253223a302c2273223a302c226d223a302c2262223a33327d2c7b2276223a3130302c2253223a302c2273223a302c226d223a302c2262223a38307d2c7b2276223a3130302c2253223a302c2273223a302c226d223a302c2262223a3133367d2c7b2276223a3130302c2253223a302c2273223a302c226d223a302c2262223a3139327d2c7b2276223a3130302c2253223a302c2273223a302c226d223a302c2262223a3136387d2c7b2276223a3130302c2253223a302c2273223a302c226d223a302c2262223a38387d2c7b2276223a3130302c2253223a302c2273223a302c226d223a302c2262223a3230387d2c7b2276223a3130302c2253223a302c2273223a302c226d223a302c2262223a3230307d2c7b2276223a3130302c2253223a302c2273223a302c226d223a302c2262223a3136307d2c7b2276223a3130302c2253223a302c2273223a302c226d223a302c2262223a32347d2c7b2276223a3130302c2253223a302c2273223a302c226d223a302c2262223a3138347d2c7b2276223a3130302c2253223a302c2273223a302c226d223a302c2262223a34307d2c7b2276223a3130302c2253223a302c2273223a302c226d223a302c2262223a39367d2c7b2276223a3130302c2253223a302c2273223a302c226d223a302c2262223a3135327d5d2c5b7b2276223a3130302c2253223a312c2273223a302c226d223a302c2262223a3132387d2c7b2276223a3130302c2253223a312c2273223a302c226d223a302c2262223a3131327d2c7b2276223a3130302c2253223a312c2273223a302c226d223a302c2262223a3139327d2c7b2276223a3130302c2253223a312c2273223a302c226d223a302c2262223a3133367d2c7b2276223a3130302c2253223a322c2273223a302c226d223a302c2262223a32347d2c7b2276223a3130302c2253223a312c2273223a302c226d223a302c2262223a3135327d2c7b2276223a3130302c2253223a312c2273223a302c226d223a302c2262223a3134347d2c7b2276223a3130302c2253223a312c2273223a302c226d223a302c2262223a3136387d2c7b2276223a3130302c2253223a322c2273223a302c226d223a302c2262223a31367d2c7b2276223a3130302c2253223a312c2273223a302c226d223a302c2262223a39367d2c7b2276223a3130302c2253223a312c2273223a302c226d223a302c2262223a38387d2c7b2276223a3130302c2253223a312c2273223a302c226d223a302c2262223a3137367d2c7b2276223a3130302c2253223a312c2273223a302c226d223a302c2262223a3138347d2c7b2276223a3130302c2253223a312c2273223a302c226d223a302c2262223a38307d2c7b2276223a3130302c2253223a322c2273223a302c226d223a302c2262223a387d2c7b2276223a3130302c2253223a312c2273223a302c226d223a302c2262223a3230307d2c7b2276223a3130302c2253223a312c2273223a302c226d223a302c2262223a3136307d2c7b2276223a3130302c2253223a312c2273223a302c226d223a302c2262223a3132307d5d2c5b7b2276223a3130302c2253223a332c2273223a302c226d223a302c2262223a3132387d2c7b2276223a3130302c2253223a332c2273223a302c226d223a302c2262223a3131327d2c7b2276223a3130302c2253223a342c2273223a302c226d223a302c2262223a3136387d2c7b2276223a3130302c2253223a332c2273223a302c226d223a302c2262223a39367d2c7b2276223a3130302c2253223a342c2273223a302c226d223a302c2262223a3230307d2c7b2276223a3130302c2253223a342c2273223a302c226d223a302c2262223a3138347d2c7b2276223a3130302c2253223a332c2273223a302c226d223a302c2262223a34387d2c7b2276223a3130302c2253223a332c2273223a302c226d223a302c2262223a38307d2c7b2276223a3130302c2253223a342c2273223a302c226d223a302c2262223a3232347d2c7b2276223a3130302c2253223a332c2273223a302c226d223a302c2262223a3132307d2c7b2276223a3130302c2253223a342c2273223a302c226d223a302c2262223a3231367d2c7b2276223a3130302c2253223a332c2273223a302c226d223a302c2262223a3133367d2c7b2276223a3130302c2253223a342c2273223a302c226d223a302c2262223a3139327d2c7b2276223a3130302c2253223a332c2273223a302c226d223a302c2262223a32347d2c7b2276223a3130302c2253223a342c2273223a302c226d223a302c2262223a3230387d2c7b2276223a3130302c2253223a342c2273223a302c226d223a302c2262223a3135327d2c7b2276223a3130302c2253223a332c2273223a302c226d223a302c2262223a31367d2c7b2276223a3130302c2253223a342c2273223a302c226d223a302c2262223a3137367d2c7b2276223a3130302c2253223a332c2273223a302c226d223a302c2262223a33327d2c7b2276223a3130302c2253223a332c2273223a302c226d223a302c2262223a38387d2c7b2276223a3130302c2253223a342c2273223a302c226d223a302c2262223a3134347d2c7b2276223a3130302c2253223a332c2273223a302c226d223a302c2262223a35367d2c7b2276223a3130302c2253223a332c2273223a302c226d223a302c2262223a34307d2c7b2276223a3130302c2253223a342c2273223a302c226d223a302c2262223a3136307d5d2c5b7b2276223a3130302c2253223a352c2273223a302c226d223a302c2262223a33327d2c7b2276223a3130302c2253223a352c2273223a302c226d223a302c2262223a34387d2c7b2276223a36382c2253223a362c2273223a302c226d223a302c2262223a3137367d2c7b2276223a3130302c2253223a322c2273223a302c226d223a302c2262223a3136307d2c7b2276223a3130302c2253223a352c2273223a302c226d223a302c2262223a35367d2c7b2276223a33352c2253223a362c2273223a302c226d223a302c2262223a3138347d2c7b2276223a3130302c2253223a352c2273223a302c226d223a302c2262223a3131327d2c7b2276223a3130302c2253223a352c2273223a302c226d223a302c2262223a3133367d2c7b2276223a3130302c2253223a352c2273223a302c226d223a302c2262223a38307d2c7b2276223a3130302c2253223a352c2273223a302c226d223a302c2262223a39367d2c7b2276223a3130302c2253223a352c2273223a302c226d223a302c2262223a3132307d2c7b2276223a3130302c2253223a322c2273223a302c226d223a302c2262223a3134347d2c7b2276223a3130302c2253223a352c2273223a302c226d223a302c2262223a38387d2c7b2276223a3130302c2253223a352c2273223a302c226d223a302c2262223a34307d2c7b2276223a3130302c2253223a322c2273223a302c226d223a302c2262223a3136387d2c7b2276223a3130302c2253223a352c2273223a302c226d223a302c2262223a3132387d2c7b2276223a3130302c2253223a322c2273223a302c226d223a302c2262223a3135327d5d2c5b7b2276223a3130302c2253223a372c2273223a302c226d223a302c2262223a38387d2c7b2276223a3130302c2253223a372c2273223a302c226d223a302c2262223a3131327d2c7b2276223a3130302c2253223a372c2273223a302c226d223a302c2262223a37327d2c7b2276223a3130302c2253223a372c2273223a302c226d223a302c2262223a3136307d2c7b2276223a3130302c2253223a372c2273223a302c226d223a302c2262223a3230307d2c7b2276223a3130302c2253223a372c2273223a302c226d223a302c2262223a39367d2c7b2276223a3130302c2253223a372c2273223a302c226d223a302c2262223a35367d2c7b2276223a3130302c2253223a372c2273223a302c226d223a302c2262223a3137367d2c7b2276223a3130302c2253223a372c2273223a302c226d223a302c2262223a34387d2c7b2276223a3130302c2253223a372c2273223a302c226d223a302c2262223a36347d2c7b2276223a3130302c2253223a372c2273223a302c226d223a302c2262223a3139327d2c7b2276223a3130302c2253223a372c2273223a302c226d223a302c2262223a3132307d2c7b2276223a3130302c2253223a372c2273223a302c226d223a302c2262223a38307d2c7b2276223a3130302c2253223a372c2273223a302c226d223a302c2262223a3133367d2c7b2276223a3130302c2253223a372c2273223a302c226d223a302c2262223a3136387d2c7b2276223a3130302c2253223a372c2273223a302c226d223a302c2262223a3132387d2c7b2276223a3130302c2253223a372c2273223a302c226d223a302c2262223a3138347d5d2c5b7b2276223a3130302c2253223a382c2273223a302c226d223a302c2262223a3136307d2c7b2276223a3130302c2253223a382c2273223a302c226d223a302c2262223a3137367d2c7b2276223a3130302c2253223a382c2273223a302c226d223a302c2262223a3136387d2c7b2276223a3130302c2253223a392c2273223a302c226d223a302c2262223a3132387d2c7b2276223a3130302c2253223a392c2273223a302c226d223a302c2262223a3132307d2c7b2276223a3130302c2253223a382c2273223a302c226d223a302c2262223a3231367d2c7b2276223a3130302c2253223a382c2273223a302c226d223a302c2262223a3230387d2c7b2276223a3130302c2253223a392c2273223a302c226d223a302c2262223a3133367d2c7b2276223a3130302c2253223a392c2273223a302c226d223a302c2262223a38307d2c7b2276223a3130302c2253223a392c2273223a302c226d223a302c2262223a39367d2c7b2276223a3130302c2253223a382c2273223a302c226d223a302c2262223a3138347d2c7b2276223a3130302c2253223a392c2273223a302c226d223a302c2262223a3131327d2c7b2276223a3130302c2253223a392c2273223a302c226d223a302c2262223a3130347d2c7b2276223a3130302c2253223a382c2273223a302c226d223a302c2262223a3230307d2c7b2276223a3130302c2253223a382c2273223a302c226d223a302c2262223a3139327d2c7b2276223a3130302c2253223a392c2273223a302c226d223a302c2262223a38387d5d2c5b7b2276223a3130302c2253223a31302c2273223a302c226d223a302c2262223a39367d2c7b2276223a3130302c2253223a31302c2273223a302c226d223a302c2262223a3131327d2c7b2276223a3130302c2253223a31312c2273223a302c226d223a302c2262223a3230307d2c7b2276223a3130302c2253223a31302c2273223a302c226d223a302c2262223a3132387d2c7b2276223a3130302c2253223a31312c2273223a302c226d223a302c2262223a3231367d2c7b2276223a3130302c2253223a31312c2273223a302c226d223a302c2262223a3230387d2c7b2276223a3130302c2253223a31312c2273223a302c226d223a302c2262223a3233327d2c7b2276223a3130302c2253223a31302c2273223a302c226d223a302c2262223a3133367d2c7b2276223a3130302c2253223a31312c2273223a302c226d223a302c2262223a3139327d2c7b2276223a3130302c2253223a31302c2273223a302c226d223a302c2262223a3132307d2c7b2276223a3130302c2253223a31322c2273223a302c226d223a302c2262223a3134347d2c7b2276223a3130302c2253223a31312c2273223a302c226d223a302c2262223a3232347d2c7b2276223a3130302c2253223a31322c2273223a302c226d223a302c2262223a3135327d5d2c5b7b2276223a3130302c2253223a382c2273223a302c226d223a302c2262223a3131327d2c7b2276223a32352c2253223a31332c2273223a302c226d223a302c2262223a3136307d2c7b2276223a32352c2253223a31332c2273223a302c226d223a302c2262223a3139327d2c7b2276223a32302c2253223a31332c2273223a302c226d223a302c2262223a3136387d2c7b2276223a3130302c2253223a382c2273223a302c226d223a302c2262223a3132307d2c7b2276223a3130302c2253223a382c2273223a302c226d223a302c2262223a3133367d2c7b2276223a31392c2253223a31332c2273223a302c226d223a302c2262223a3230307d2c7b2276223a3130302c2253223a382c2273223a302c226d223a302c2262223a3132387d2c7b2276223a31392c2253223a31332c2273223a302c226d223a302c2262223a3138347d5d5d7d,'23','2011-11-22 10:15:43','2011-11-22 10:15:11','0');

CREATE TABLE `sf_reset_hashes` (
  `id` int(11) NOT NULL AUTO_INCREMENT,
  `user_id` int(11) NOT NULL,
  `hash` varchar(40) COLLATE utf8_bin NOT NULL,
  `created` timestamp NOT NULL DEFAULT CURRENT_TIMESTAMP,
  PRIMARY KEY (`id`),
  UNIQUE KEY `user_id` (`user_id`)
) ENGINE=MyISAM AUTO_INCREMENT=16 DEFAULT CHARSET=utf8 COLLATE=utf8_bin;

insert into `sf_reset_hashes` values('15','16','0abf14be371e47b9f5ebb5aefdc217e191b8db2c','2011-10-27 19:40:56');

CREATE TABLE `sf_samples` (
  `id` int(11) NOT NULL AUTO_INCREMENT,
  `filename` varchar(64) CHARACTER SET latin1 NOT NULL,
  `key` varchar(4) CHARACTER SET latin1 NOT NULL,
  `tempo` smallint(6) NOT NULL,
  `family` varchar(16) CHARACTER SET latin1 NOT NULL,
  `genre` varchar(32) CHARACTER SET latin1 NOT NULL,
  `artist` varchar(64) CHARACTER SET latin1 NOT NULL,
  `name` varchar(32) CHARACTER SET latin1 NOT NULL,
  `length` int(11) NOT NULL,
  `beats` smallint(6) NOT NULL,
  PRIMARY KEY (`id`)
) ENGINE=MyISAM DEFAULT CHARSET=utf8 COLLATE=utf8_bin;


CREATE TABLE `sf_users` (
  `id` int(11) NOT NULL AUTO_INCREMENT,
  `username` varchar(32) COLLATE utf8_bin NOT NULL,
  `name` varchar(64) COLLATE utf8_bin DEFAULT NULL,
  `email` varchar(320) COLLATE utf8_bin NOT NULL,
  `password` varchar(64) COLLATE utf8_bin NOT NULL,
  `country` varchar(2) COLLATE utf8_bin NOT NULL,
  `musician` enum('yes','no') COLLATE utf8_bin NOT NULL DEFAULT 'no',
  `avatar` varchar(64) COLLATE utf8_bin NOT NULL,
  `subscribe_updates` enum('yes','no') COLLATE utf8_bin NOT NULL DEFAULT 'yes',
  `created` datetime NOT NULL,
  PRIMARY KEY (`id`),
  UNIQUE KEY `email` (`email`)
) ENGINE=MyISAM AUTO_INCREMENT=28 DEFAULT CHARSET=utf8 COLLATE=utf8_bin COMMENT='users subscribed to the newsletter';

insert into `sf_users` values('16','',null,'lovejoy.chris@gmail.com','95b0db6a991b6ec0b2f0465914b683687ea2cab4d0f569c67caa87dcc0b058f7','AX','no','','yes','2011-09-23 00:00:09'),
 ('22','',null,'c@chrislovejoy.com','6afe3227bdc2e95761be0b5544f138c3521505e7f307515aae1cac9a1bbdf4b3','AO','no','','yes','2011-10-03 20:12:36');

SET FOREIGN_KEY_CHECKS = 1;
